{"train_losses": [5.757412849328457, 5.1361983097516575, 5.023343816781655, 4.959919950900933, 4.919066108190096, 4.866992687567686, 4.830913693476946, 4.787606083429777, 4.754206012456845, 4.714913505774278], "val_losses": [5.189270447462033, 4.944326092035342, 4.867601938736745, 4.814421393932441, 4.768655449916155, 4.72684156589019, 4.684178529641567, 4.6436451062178, 4.601382041588808, 4.561261274875739], "train_accuracies": [0.038880727683695465, 0.05069963794010572, 0.052584134615384616, 0.06149097818594713, 0.06732624050420828, 0.07399246201683314, 0.08268785612800947, 0.08715797127343905, 0.09370548433313768, 0.09942574789508796], "val_accuracies": [0.05848617049363943, 0.0749495488901933, 0.060270506888628006, 0.07551341408338302, 0.07953837251242919, 0.08464654558935227, 0.1057358440489341, 0.11982134376198818, 0.1280901294488173, 0.13296088557212782]}